ZTF Name,First Mag,Galactic Latitude,SGSCORE,Color,Type
ZTF17aaacdos,17.97883,-3.555475471,0.857208014,0.027394608688888895,CV
ZTF17aaaedpn,16.772343,-31.57768337,0.414521009,0.027394608688888895,CV
ZTF17aaaemzh,20.6873,-35.57070189,0.999167025,0.027394608688888895,CV
ZTF17aaajlbs,18.402102,66.21412295,0.974624991,0.027394608688888895,CV
ZTF17aaajlfw,16.06764,60.25597392,1.0,0.027394608688888895,CV
ZTF17aaaobyl,19.877975,-8.457114906,0.008125,0.027394608688888895,CV
ZTF17aaapome,19.571053,40.55163401,1.0,0.027394608688888895,CV
ZTF17aaaqgbm,20.233845,-21.77011719,0.979375005,0.027394608688888895,CV
ZTF17aaarlrs,18.29731,-2.500584564,0.963666975,0.027394608688888895,CV
ZTF17aaaslud,14.801689,-0.446317865,0.736265004,0.027394608688888895,CV
ZTF17aaaukqn,17.121124,11.22545412,0.672667027,0.027394608688888895,CV
ZTF17aaavfwx,18.891949,-25.22991494,0.990625024,0.027394608688888895,CV
ZTF17aaawgkc,17.038967,9.154935908,0.678957999,0.027394608688888895,CV
ZTF17aaawglf,19.001665,-23.47919579,0.761630777287293,-0.413981498,CV
ZTF17aaawpsz,17.850012,-7.305760571,0.974916995,0.295012094,CV
ZTF17aabopqx,17.1461,-17.74569576,0.992500007,0.027394608688888895,CV
ZTF17aaburzk,18.40397,9.675458843365984,0.0,0.027394608688888895,CV
ZTF17aabyrpg,16.060955,33.41306744,0.995333016,0.027394608688888895,CV
ZTF17aacbiid,15.686827,26.70105885,0.992708027,0.027394608688888895,CV
ZTF17aacklbl,17.625229,27.16086872,0.761630777287293,0.027394608688888895,CV
ZTF17aacldol,18.960384,51.8437251,0.998125017,0.027394608688888895,CV
ZTF17aacpcfv,17.486708,5.561417753,0.978208005,0.027394608688888895,CV
ZTF17aacplzj,17.0735,29.31076299,0.955187023,-0.004296541,CV
ZTF17aacucfy,19.606274,-12.9424913,0.998542011,0.027394608688888895,CV
ZTF17aadaxwu,14.103714,7.559310172,0.761630777287293,0.027394608688888895,CV
ZTF17aadnmap,20.535934,-0.479374751,0.903083026,0.027394608688888895,CV
ZTF18aaacmsd,17.284979,51.16434332,0.997500002,0.027394608688888895,CV
ZTF18aaadclg,16.2282,65.06552843,0.998749971,0.027394608688888895,CV
ZTF18aaadcme,15.602767,65.84636818,0.996667,0.157739845,CV
ZTF18aaadhmx,19.247866,64.23640949,1.0,0.027394608688888895,CV
ZTF18aaadlpa,20.3388,47.13109199,0.990396023,0.027394608688888895,CV
ZTF18aaahnyx,20.062277,24.75048059,0.997916996,0.034516646,CV
ZTF18aabeymw,20.731482,-10.98416827,1.0,0.027394608688888895,CV
ZTF18aabpwzq,16.27203,37.19219567,0.995000005,0.027394608688888895,CV
ZTF18aacluoi,20.745266,39.80500995,0.990750015,0.027394608688888895,CV
ZTF18aagqdbp,20.148977,19.48440486,0.365845,0.027394608688888895,CV
ZTF18aagsgqc,13.3606,47.17961024,0.809717,0.027394608688888895,CV
ZTF18aaicnwh,18.096651,25.27658848,0.994916975,0.027394608688888895,CV
ZTF18aaisedb,16.9466,37.82785579,0.994583011,0.027394608688888895,CV
ZTF18aaiytds,14.2714,33.15206653,0.998749971,0.027394608688888895,CV
ZTF18aajoejk,19.676764,76.47049384,0.452869,0.027394608688888895,CV
ZTF18aajrvst,16.1512,23.19743726,1.0,0.027394608688888895,CV
ZTF18aajtkma,16.4426,33.15206653,0.989708006,0.027394608688888895,CV
ZTF18aajtkma,16.4426,33.15206653,0.989708006,0.027394608688888895,CV
ZTF18aajtkma,16.4426,30.67267843,0.989708006,0.027394608688888895,CV
ZTF18aajtkma,16.4426,30.67267843,0.989708006,0.027394608688888895,CV
ZTF18aajtkma,16.4426,33.15206653,0.989708006,0.027394608688888895,CV
ZTF18aajtkma,16.4426,33.15206653,0.989708006,0.027394608688888895,CV
ZTF18aajtkma,16.4426,30.67267843,0.989708006,0.027394608688888895,CV
ZTF18aajtkma,16.4426,30.67267843,0.989708006,0.027394608688888895,CV
ZTF18aakzafr,16.044,20.75464748,0.936500013,-0.082805888,CV
ZTF18aakzfjo,14.8166,18.70372391,0.945006013,-0.0154273,CV
ZTF18aakzxki,18.9311,20.84100272,0.979887009,0.027394608688888895,CV
ZTF18aalafea,16.26175,25.24540652,0.952792,0.027394608688888895,CV
ZTF18aalrikz,20.517206,63.81626043,0.974910975,0.027394608688888895,CV
ZTF18aambkqd,19.8997,63.09796658,1.0,0.027394608688888895,CV
ZTF18aamigoo,18.4861,17.58471753,0.948707998,0.027394608688888895,CV
ZTF18aaomiig,20.8089,44.18270712,0.995582998,0.027394608688888895,CV
ZTF18aaovjvr,18.766556,32.04351082,1.0,0.098418123,CV
ZTF18aapgtye,15.898,14.27042396,0.821687996,0.027394608688888895,CV
ZTF18aaptcay,19.7992,12.79305959,0.916957974,0.027394608688888895,CV
ZTF18aaptcqq,18.1715,5.437076784,0.717481971,0.027394608688888895,CV
ZTF18aaslagi,20.4152,25.87654658,0.761630777287293,0.027394608688888895,CV
ZTF18aasncio,15.5452,-18.83494932,0.920417011,0.027394608688888895,CV
ZTF18aauebur,18.2525,9.675458843365984,0.28689301,0.027394608688888895,CV
ZTF18aauefbw,20.723,4.676846346,0.993083,0.027394608688888895,CV
ZTF18aautxxk,20.2492,65.0706823,0.995167,0.249253561,CV
ZTF18aauxwft,18.422928,41.33079404,0.986042023,0.027394608688888895,CV
ZTF18aavetqn,18.034714,16.83402231,0.611643016,0.027394608688888895,CV
ZTF18aavzjuw,17.5043,4.819578513,0.95610702,0.027394608688888895,CV
ZTF18aavzjuw,17.5043,4.819578513,0.95610702,0.027394608688888895,CV
ZTF18aavzjuw,17.5043,-5.827566064,0.95610702,0.027394608688888895,CV
ZTF18aavzjuw,17.5043,-5.827566064,0.95610702,0.027394608688888895,CV
ZTF18aavzjuw,17.5043,4.819578513,0.95610702,0.027394608688888895,CV
ZTF18aavzjuw,17.5043,4.819578513,0.95610702,0.027394608688888895,CV
ZTF18aavzjuw,17.5043,-5.827566064,0.95610702,0.027394608688888895,CV
ZTF18aavzjuw,17.5043,-5.827566064,0.95610702,0.027394608688888895,CV
ZTF18aawbluo,16.3772,-18.83494932,0.940249979,0.027394608688888895,CV
ZTF18aawrmhl,18.796951,9.675458843365984,0.624062002,-0.04277074,CV
ZTF18aawvwks,16.0714,-3.67894874,0.797106981,0.027394608688888895,CV
ZTF18aaxuzxa,18.442072,9.675458843365984,0.050416701,0.027394608688888895,CV
ZTF18aaybtnt,18.921656,-10.58680727,0.761630777287293,0.027394608688888895,CV
ZTF18aaydbyc,17.90376,9.675458843365984,0.761630777287293,0.165350643,CV
ZTF18aayoxjs,17.853237,9.675458843365984,0.394513994,0.027394608688888895,CV
ZTF18aaypnnd,18.553352,-1.960619736,0.999167025,0.027394608688888895,CV
ZTF18aazndjw,18.766905,9.675458843365984,0.01,0.027394608688888895,CV
ZTF18aaznfkp,20.138836,-24.43011106,0.957922995,0.027394608688888895,CV
ZTF18aazrdpr,19.603645,9.675458843365984,0.707922995,0.027394608688888895,CV
ZTF18aazsdnv,14.459687,-6.465676473,0.984000027,0.027394608688888895,CV
ZTF18abaaewz,17.695904,38.2755932,0.968917012,0.027394608688888895,CV
ZTF18abaulyr,14.833215,39.06167647,0.983512,0.157260321,CV
ZTF18abbprmq,16.845648,25.94121966,0.805589,0.027394608688888895,CV
ZTF18abcccnr,14.645446,12.25747752,0.991625011,-0.111899654,CV
ZTF18abccqjx,13.96936,9.675458843365984,0.971333027,0.027394608688888895,CV
ZTF18abccqmd,19.253735,9.675458843365984,0.709315002,0.027394608688888895,CV
ZTF18abcqadc,20.6468,-3.884227871,0.981042027,0.027394608688888895,CV
ZTF18abcsatf,19.368307,56.83563942,0.976707995,0.027394608688888895,CV
ZTF18abcsuit,13.787209,-2.011929481,0.993332982,0.027394608688888895,CV
ZTF18abdhozj,15.77307,19.40860828,0.375993997,0.040537283,CV
ZTF18abdkpgs,16.26061,15.59765073,0.832666993,0.027394608688888895,CV
ZTF18abdlywu,19.955,-1.618354176,0.97437501,0.027394608688888895,CV
ZTF18abetddh,17.265625,30.3661335,0.985786021,0.170903379,CV
ZTF18abfmuvj,18.205093,9.675458843365984,0.761630777287293,0.027394608688888895,CV
ZTF18abfyzmf,17.1274,60.7038256,0.966333,0.413191732,CV
ZTF18abgopgb,17.225315,-20.05905108,0.995500028,0.027394608688888895,CV
ZTF18abgxyfz,16.03604,9.675458843365984,0.086744,0.027394608688888895,CV
ZTF18abhqaxd,20.192272,9.675458843365984,0.761630777287293,0.027394608688888895,CV
ZTF18abigrzf,13.3886,-5.840644752,0.992958009,0.027394608688888895,CV
ZTF18abiyatb,17.904293,9.675458843365984,0.387423009,0.027394608688888895,CV
ZTF18abjhdua,20.089378,-3.67894874,0.903559983,0.027394608688888895,CV
ZTF18abjrdzt,18.598274,9.675458843365984,0.761630777287293,0.027394608688888895,CV
ZTF18abjsdwi,18.0375,9.675458843365984,0.761630777287293,-0.020129509,CV
ZTF18abjsjyx,18.0401,9.675458843365984,0.761630777287293,-0.331532951,CV
ZTF18abjsrdz,17.293,9.675458843365984,0.304374993,-0.115281788,CV
ZTF18abjsybd,17.4402,9.675458843365984,0.761630777287293,-0.153618804,CV
ZTF18abjzaic,17.679176,9.675458843365984,0.761630777287293,0.292889112,CV
ZTF18abjzbhm,20.8713,43.96816207,0.994583011,0.027394608688888895,CV
ZTF18abkijlr,18.760275,9.675458843365984,0.358042002,0.027394608688888895,CV
ZTF18ablfqxm,20.0139,9.675458843365984,0.761630777287293,0.027394608688888895,CV
ZTF18ablgqyq,16.116749,9.675458843365984,0.546124995,0.027394608688888895,CV
ZTF18ablovbj,19.76475,9.675458843365984,0.513499975,0.027394608688888895,CV
ZTF18ablpmiy,18.017681,-8.506089821,0.167887002,0.027394608688888895,CV
ZTF18ablrlog,17.672117,17.72088686,0.44333,0.027394608688888895,CV
ZTF18ablvazp,17.599928,9.675458843365984,0.201529995,0.139269833,CV
ZTF18ablvxkh,16.56948,7.435552942,0.114292,0.027394608688888895,CV
ZTF18ablwhde,18.269337,9.86586431,0.761630777287293,0.027394608688888895,CV
ZTF18ablwrch,18.681599,9.675458843365984,0.761630777287293,-0.463166988,CV
ZTF18abmdoni,18.21261,-31.39552675,0.636035979,0.027394608688888895,CV
ZTF18abmeehs,18.547718,7.816477729,0.567798018,0.027394608688888895,CV
ZTF18abmqrwk,16.098106,24.62191374,0.911583,0.027394608688888895,CV
ZTF18abmszln,16.486565,-3.163644003,0.929292023,0.027394608688888895,CV
ZTF18abmxatl,16.295807,9.207427669,0.999167,0.027394608688888895,CV
ZTF18abmxaxt,17.2491,15.0483171,0.656961024,0.027394608688888895,CV
ZTF18abnbxsy,17.79383,-17.42056507,0.600726008,0.027394608688888895,CV
ZTF18abnoonq,20.2626,-10.28317019,0.408312,0.027394608688888895,CV
ZTF18abnuark,16.299042,-10.32522413,0.842333019,0.027394608688888895,CV
ZTF18abnuzzt,19.554514,-12.9922481,0.14431,-0.103021455,CV
ZTF18abnyktn,16.135878,-30.03026558,0.971435,0.027394608688888895,CV
ZTF18abobptn,18.024456,-6.624458577,1.0,0.027394608688888895,CV
ZTF18abobptn,18.024456,-6.624458577,1.0,0.027394608688888895,CV
ZTF18abobptn,18.024456,4.90889439,1.0,0.027394608688888895,CV
ZTF18abobptn,18.024456,4.90889439,1.0,0.027394608688888895,CV
ZTF18abobptn,18.024456,-6.624458577,1.0,0.027394608688888895,CV
ZTF18abobptn,18.024456,-6.624458577,1.0,0.027394608688888895,CV
ZTF18abobptn,18.024456,4.90889439,1.0,0.027394608688888895,CV
ZTF18abobptn,18.024456,4.90889439,1.0,0.027394608688888895,CV
ZTF18abobvym,17.93897,7.154742248,0.502887011,-0.041074334,CV
ZTF18abojrnv,17.740091,36.40365998,0.974270999,0.027394608688888895,CV
ZTF18abokhip,19.377018,15.62326839,0.217875004,0.027394608688888895,CV
ZTF18abpmwfx,17.185385,7.453244302,0.185345,0.027394608688888895,CV
ZTF18abpmwlt,18.98012,10.31475111,0.678083003,0.027394608688888895,CV
ZTF18abpoynt,19.1388,11.02586557,0.761630777287293,0.027394608688888895,CV
ZTF18abptzkg,18.690813,-12.65098004,0.949895978,0.027394608688888895,CV
ZTF18abqcsdq,18.026554,-8.898811105,0.761630777287293,0.027394608688888895,CV
ZTF18abqdtes,16.543484,-20.97694835,0.665082991,0.027394608688888895,CV
ZTF18abrqfjs,18.831524,-12.02519994,0.144125,0.027394608688888895,CV
ZTF18abrwwzs,18.673882,-30.46399817,0.430048,0.027394608688888895,CV
ZTF18abrxrms,18.09533,-7.660050456,0.761630777287293,0.027394608688888895,CV
ZTF18absanfq,17.871616,18.32384517,0.761630777287293,0.027394608688888895,CV
ZTF18abscxct,13.355699,17.49277668,0.976917028,2.11781049,CV
ZTF18absjiej,18.734226,9.403101235,0.761630777287293,0.027394608688888895,CV
ZTF18absmoql,17.852283,16.45375523,0.761630777287293,0.027394608688888895,CV
ZTF18absnibc,19.479813,20.78085051,0.967381,-0.092746697,CV
ZTF18absrffm,18.015259,-9.946809295,0.761630777287293,-0.522454446,CV
ZTF18abtffxi,18.576,9.675458843365984,0.964429,0.463754325,CV
ZTF18abtizrj,17.974005,-7.816338072,0.751749992,0.027394608688888895,CV
ZTF18abtmzoi,15.785453,-35.31795646,0.994207978,-0.307991213,CV
ZTF18abucoyd,16.55403,14.41331061,0.841732,0.027394608688888895,CV
ZTF18abvoyen,16.815119,-19.38385223,0.914375,0.027394608688888895,CV
ZTF18abwsres,14.184627,3.371622415,0.970632017,0.027394608688888895,CV
ZTF18abxdquf,18.655024,-9.350158402,0.0388155,0.027394608688888895,CV
ZTF18abygcwk,19.018984,9.264427095,0.761630777287293,0.027394608688888895,CV
ZTF18abzpxiu,17.59828,-10.1320085,0.761630777287293,0.027394608688888895,CV
ZTF18abzsdju,18.053642,-7.008299995,0.761630777287293,0.027394608688888895,CV
ZTF18abztcib,15.518782,-20.68286239,0.363196,0.027394608688888895,CV
ZTF18acgplgw,16.02007,-19.50098007,1.0,0.027394608688888895,CV
ZTF18actabws,18.077394,-9.405955341,0.616958,0.027394608688888895,CV
ZTF18acxgwpj,17.628557,-18.59093186,0.103744,0.027394608688888895,CV
ZTF18adbafkf,18.395329,19.94680304,0.781199,0.027394608688888895,CV
ZTF18adbahiw,18.764338,49.11940592,0.987411022,0.027394608688888895,CV
ZTF19aaaheft,16.12349,-8.864974516,0.148839,0.027394608688888895,CV
ZTF19aaaojkv,17.049446,27.61533057,0.734506,-0.151761434,CV
ZTF19aaqhcmn,13.416063,58.55316265,0.983542,-0.093728578,CV
ZTF19aawpgwv,18.140276,7.744759458,0.996667,0.027394608688888895,CV
ZTF19abcoosk,15.546241,-7.571630036,0.761630777287293,0.027394608688888895,CV
ZTF19abcptta,18.426895,-12.55180355,0.994167,0.027394608688888895,CV
ZTF19abgcnqu,18.591463,-18.08288682,0.761630777287293,0.364196661,CV
ZTF19abrhdui,18.059004,-9.167172098,0.347417,0.027394608688888895,CV
ZTF19aceviuo,18.814798,40.51294302,0.761630777287293,-0.918258549,CV
ZTF20aaurhdm,15.01371,20.89423743,0.41892,0.027394608688888895,CV
ZTF20abzgddp,17.500448,-22.52767067,0.761630777287293,0.06772687,CV
ZTF20acinuir,16.671013,20.38983389,0.975643,0.092438453,CV
ZTF20acypdlh,17.974249,18.00688667,0.00833333,0.027394608688888895,CV
ZTF20aczkvvy,18.289194,15.33737406,0.761630777287293,0.027394608688888895,CV
ZTF21aaarmhs,16.895124,-16.07008749,0.0649583,0.027394608688888895,CV
ZTF21aaedpyk,16.721504,44.41102433,0.761630777287293,-0.12132825,CV
ZTF21aagogqj,19.026188,17.83973972,0.761630777287293,0.504630753,CV
ZTF21aanehlz,18.349257,33.48372118,0.499083,0.027394608688888895,CV
ZTF21aapogvm,15.748931,-13.85884126,0.761630777287293,0.027394608688888895,CV
ZTF21abgjdtt,16.633007,-12.13008284,0.000833333,0.027394608688888895,CV
ZTF21abixkyz,15.212911,-61.46835621,0.761630777287293,-0.275408387,CV
ZTF21abiytsg,17.807308,19.51319711,0.981886983,0.375927215,CV
ZTF21ablazyz,14.538979,27.9537655,0.742103994,0.027394608688888895,CV
ZTF21abmemav,15.038146,-13.3024624,0.761630777287293,0.027394608688888895,CV
ZTF21abntqyx,14.490636,11.77247793,0.541190982,0.027394608688888895,CV
ZTF21aboyiaf,16.501026,-10.51650645,0.929443002,0.027394608688888895,CV
ZTF21abpjmwx,17.559128,19.10355129,0.934374988,0.027394608688888895,CV
ZTF21abrthyb,18.33432,-11.67094904,0.69443202,0.027394608688888895,CV
ZTF21abtnruv,18.058136,21.84896922,0.761630777287293,0.027394608688888895,CV
ZTF21abujmgh,17.538492,11.33598286,0.00125,0.027394608688888895,CV
ZTF21abuytrt,18.226625,9.598512178,0.505761981,-0.220191675,CV
ZTF21abwgnjk,17.036915,7.754453838,0.761630777287293,0.027394608688888895,CV
ZTF21abwqrra,16.179623,-16.39353393,0.784667015,0.027394608688888895,CV
ZTF21abwrujq,17.693033,-23.53169848,0.475594997,-0.616860252,CV
ZTF21abyaksg,15.153673,10.80107933,0.42049399,0.027080477,CV
ZTF21abytufi,18.128323,-36.87060663,0.338339001,0.027394608688888895,CV
ZTF21acahuzg,18.832195,-28.99319361,0.63063103,0.034741438,CV
ZTF21acahxze,16.54632,-16.79506535,0.01675,0.189845068,CV
ZTF21acasmne,18.713223,-10.49712142,0.761630777287293,0.027394608688888895,CV
ZTF21acasoti,18.410526,15.07639695,0.808539987,0.027394608688888895,CV
ZTF21acbfpwj,17.209469,11.84070744,0.761630777287293,0.027394608688888895,CV
ZTF18aabxlsv,20.329573,51.99715069,0.413776994,0.02076872657017545,SN
ZTF18aagrdcs,17.9562,64.77910914,0.650207996,0.30544293,SN
ZTF18aahhzqn,20.6467,76.79007306,0.15939695755089814,0.02076872657017545,SN
ZTF18aahpbwz,18.97339,43.15404383,0.15939695755089814,0.02076872657017545,SN
ZTF18aahuujv,19.93421,81.53505383,0.0347917,0.02076872657017545,SN
ZTF18aaisybp,17.977339,67.7346763,0.0233333,0.070576775,SN
ZTF18aaisyyp,19.1741,51.36146935,0.115679003,0.164113583,SN
ZTF18aakkrjm,20.201906,81.07762004,0.0207917,0.042228903,SN
ZTF18aaqjovh,19.20723,76.78080407,0.055333301,0.02076872657017545,SN
ZTF18aarlpzd,17.828037,55.40393659,0.418452,0.02076872657017545,SN
ZTF18aaxiuyp,19.075613,47.92021466,0.153274,0.02076872657017545,SN
ZTF18aaygwqd,20.0481,34.60031553,0.0175,0.02076872657017545,SN
ZTF18aazhklh,19.845304,64.49061989,0.15939695755089814,0.02076872657017545,SN
ZTF18abbovuc,20.063093,82.64188237,0.15939695755089814,0.347801797,SN
ZTF18abdffeo,18.306223,70.69369919,0.15939695755089814,0.02076872657017545,SN
ZTF18abdkkwa,19.208801,30.61050462,0.270982,0.405856139,SN
ZTF18abeamgv,19.361956,37.47083055,0.210881,0.02076872657017545,SN
ZTF18abecbks,18.773718,36.08030821,0.15939695755089814,-0.550969471,SN
ZTF18abeyqpr,20.186064,31.3696307,0.0804583,0.02076872657017545,SN
ZTF18abfcmjw,20.5194,38.26620556,0.15939695755089814,0.02076872657017545,SN
ZTF18abfzhct,18.722778,37.60213621,0.323863,-0.075427984,SN
ZTF18abhhnnv,19.23338,13.36187158,0.15939695755089814,0.02076872657017545,SN
ZTF18abjrbza,15.5347,45.55307912,0.838732004,0.02076872657017545,SN
ZTF18abjyjdz,19.290142,52.36680672,0.15939695755089814,0.02076872657017545,SN
ZTF18abkjnqy,18.929508,-32.43930204,0.15939695755089814,0.02076872657017545,SN
ZTF18abklarx,19.449984,-75.04585035,0.15939695755089814,0.02076872657017545,SN
ZTF18abktmfz,19.019403,-52.98192879,0.663512,-0.214797108,SN
ZTF18aboabxv,19.8532,-63.27335766,0.15939695755089814,0.02076872657017545,SN
ZTF18abqbuaj,18.297235,40.85968408,0.0243333,0.02076872657017545,SN
ZTF18abrfchj,17.000134,19.75825322,0.458583,0.02076872657017545,SN
ZTF18absliyc,19.514055,-46.00102287,0.0,-0.048504792,SN
ZTF18abukavn,16.306244,-45.00668387,0.0135,0.01871554,SN
ZTF18abvfjwt,19.3456,50.2430327,0.0753869,0.026799731,SN
ZTF18abvkmgw,20.946,25.90857313,0.15939695755089814,0.02076872657017545,SN
ZTF18acaimrb,18.891035,31.13681047,0.15939695755089814,0.02076872657017545,SN
ZTF18acbvahw,18.94498,76.40450202,0.15469,-0.059174888,SN
ZTF18acbvpzj,18.938004,16.78846624,0.15939695755089814,-0.11357138,SN
ZTF18acbwxcc,16.883362,36.84163828,0.0314583,0.735821892,SN
ZTF18accaqrr,18.579895,-21.91563751,0.15939695755089814,0.02076872657017545,SN
ZTF18acceaem,18.5435,72.8243455,0.15939695755089814,0.02076872657017545,SN
ZTF18aceqrrs,20.1187,41.33169607,0.00208333,0.02076872657017545,SN
ZTF18achcpwu,19.99156,43.90687155,0.0979167,0.422221465,SN
ZTF18acisruf,19.11949,61.16901864,0.15939695755089814,0.544319352,SN
ZTF18acnncve,19.315601,76.13707498,0.0,0.209281636,SN
ZTF18acqphpd,18.391983,61.09009108,0.00166667,0.02076872657017545,SN
ZTF18acrheel,17.421621,34.40392376,0.15939695755089814,0.02076872657017545,SN
ZTF18acsjrbc,19.140724,47.40876772,0.000833333,0.02076872657017545,SN
ZTF18acxgoki,19.262356,59.48132583,0.15939695755089814,-0.663557926,SN
ZTF18aczcumi,19.327276,40.15314345,0.15939695755089814,0.02076872657017545,SN
ZTF18aczqzrj,19.079231,42.6365501,0.15939695755089814,0.02076872657017545,SN
ZTF18adasisj,19.661488,53.61032875,0.15939695755089814,0.02076872657017545,SN
ZTF18adaykvg,18.137817,70.86703216,0.15939695755089814,-0.043614861,SN
ZTF19aadnhdo,20.3145,81.76974561,0.15939695755089814,0.02076872657017545,SN
ZTF19aadnxbh,17.316925,65.15056887,0.15939695755089814,0.02076872657017545,SN
ZTF19aadttht,16.689812,48.19508554,0.15939695755089814,0.02076872657017545,SN
ZTF19aadwtoe,18.03047,50.11499454,0.15939695755089814,0.203027074,SN
ZTF19aafmyow,19.539595,76.90464531,0.0,0.195655171,SN
ZTF19aailcgs,18.855555,8.333556197,0.138054,0.02076872657017545,SN
ZTF19aailsge,20.6134,18.73220742,0.171554,0.606181519,SN
ZTF19aakirwj,19.060226,27.43982535,0.0578333,0.02076872657017545,SN
ZTF19aakpcuw,18.299973,76.6553454,0.0882143,0.02076872657017545,SN
ZTF19aalahqa,18.865053,43.66299696,0.0532917,0.382167999,SN
ZTF19aalfsqm,19.161577,28.602094,0.15939695755089814,0.02076872657017545,SN
ZTF19aalouag,19.751963,-34.87771311,0.15939695755089814,0.02076872657017545,SN
ZTF19aamfupk,19.934387,48.58657643,0.15939695755089814,0.02076872657017545,SN
ZTF19aamgghn,19.004805,52.06196851,0.15939695755089814,0.02076872657017545,SN
ZTF19aamsetj,19.3067,53.754399,0.0755833,-0.651593658,SN
ZTF19aanfukh,19.6725,-62.61799586,0.0430417,-0.117852728,SN
ZTF19aanijpu,19.879,31.21941793,0.15939695755089814,0.02076872657017545,SN
ZTF19aaoxvfe,19.756065,-36.29726521,0.01,0.258770101,SN
ZTF19aapceyj,19.6436,31.8481111,0.15939695755089814,0.02076872657017545,SN
ZTF19aapfmki,17.800669,-55.01021367,0.424399,0.02076872657017545,SN
ZTF19aapwnmb,18.862022,-22.76101777,0.15939695755089814,0.02076872657017545,SN
ZTF19aarfyvc,19.882193,28.29219799,0.15939695755089814,0.02076872657017545,SN
ZTF19aarnqys,19.3966,-46.59625245,0.15939695755089814,0.02076872657017545,SN
ZTF19aatesgp,17.477524,34.98658333,0.15939695755089814,0.02076872657017545,SN
ZTF19aatfqzb,20.6305,62.92491399,0.986979,-0.484702791,SN
ZTF19aatheus,16.889538,-39.10334426,0.15939695755089814,-0.422269632,SN
ZTF19aatmkll,18.790096,14.8862681,0.0784881,0.434532914,SN
ZTF19aavgukt,18.624128,22.26036538,0.15939695755089814,0.02076872657017545,SN
ZTF19aavkvpw,18.771217,-70.14485358,0.003125,0.017071272,SN
ZTF19aavoweu,19.993643,41.83036114,0.133875,0.02076872657017545,SN
ZTF19aawqcgy,19.257368,-41.85451371,0.15939695755089814,0.335323919,SN
ZTF19aawsday,18.857782,-66.44416413,0.639268,0.02076872657017545,SN
ZTF19aaxdzqt,17.791529,-78.3273213,0.15939695755089814,0.24830431,SN
ZTF19aaxfcpq,19.403538,10.32580318,0.013875,0.054505257,SN
ZTF19aaxzdtw,19.6878,17.0990537,0.00708333,0.02076872657017545,SN
ZTF19aayejww,18.83131,-35.88578326,0.00495833,-0.060250246,SN
ZTF19aazdsgo,19.12303,17.30123299,0.145024,0.02076872657017545,SN
ZTF19abafmwj,19.671223,-29.00361561,0.15939695755089814,0.349738641,SN
ZTF19abamqxo,18.19223,-31.03898428,0.0145833,0.02076872657017545,SN
ZTF19abauylg,18.873611,46.52443765,0.00583333,0.02076872657017545,SN
ZTF19abcegvm,19.369373,26.73798836,0.00166667,0.144267572,SN
ZTF19abcyqqg,19.677116,35.2969492,0.15939695755089814,0.02076872657017545,SN
ZTF19abdoior,20.009071,44.98241743,0.15939695755089814,0.02076872657017545,SN
ZTF19abfiqjg,20.0348,22.74570622,0.0025,0.02076872657017545,SN
ZTF19abfsxpw,19.149052,44.86674564,0.15939695755089814,0.02076872657017545,SN
ZTF19abgnbjr,18.613543,23.58316673,0.15939695755089814,0.02076872657017545,SN
ZTF19abhcefa,20.032787,-75.22047515,0.15939695755089814,0.02076872657017545,SN
ZTF19ablesob,19.483698,18.27564964,0.181229,0.190518219,SN
ZTF19abpangr,19.511543,77.02210291,0.0155833,-0.260870729,SN
ZTF19abqmsbk,19.382359,54.96910823,0.0132917,0.02076872657017545,SN
ZTF19abqqrgy,18.8219,-16.86201619,0.027125,0.02076872657017545,SN
ZTF19abqshry,20.7328,-24.61358739,0.245113,0.02076872657017545,SN
ZTF19abqwtfu,18.72414,74.73879876,0.15939695755089814,0.02076872657017545,SN
ZTF19abqxibq,18.932215,62.37102553,0.00208333,-0.154397401,SN
ZTF19abrirmk,19.35333,31.22054139,0.15939695755089814,0.02076872657017545,SN
ZTF19abtsnyy,20.250248,40.30837231,0.15939695755089814,0.02076872657017545,SN
ZTF19abucwzt,19.136667,76.9000665,0.15939695755089814,0.044160101,SN
ZTF19abupned,20.7415,68.28110748,0.000833333,0.292889112,SN
ZTF19abvdgqo,19.055067,55.86532051,0.245048,0.02076872657017545,SN
ZTF19abzqywg,19.175932,-44.53789382,0.15939695755089814,0.02076872657017545,SN
ZTF19abztknu,19.851355,22.77328122,0.000833333,-0.202169906,SN
ZTF19abzwaen,18.6686,51.06112202,0.15939695755089814,0.02076872657017545,SN
ZTF19acaqoef,18.08863,79.80349249,0.15939695755089814,0.02076872657017545,SN
ZTF19acbmojx,19.729576,78.40899733,0.148714,0.062353593,SN
ZTF19acdabep,20.4253,67.17727652,0.204083,0.02076872657017545,SN
ZTF19aceqjqw,19.78,13.04437141,0.15939695755089814,0.02076872657017545,SN
ZTF19aceqvhl,19.6917,54.63795104,0.15939695755089814,0.02076872657017545,SN
ZTF19acfuzwh,19.8025,65.10520441,0.15939695755089814,0.058091711,SN
ZTF19acjtlxe,19.259789,42.90158584,0.15939695755089814,0.088132069,SN
ZTF19acjtpqd,18.911663,16.90362394,0.365839,0.02076872657017545,SN
ZTF19ackjjwf,19.416801,53.72456537,0.204018,0.285796946,SN
ZTF19ackjszs,18.474195,53.49756583,0.235958,0.02076872657017545,SN
ZTF19acmbekd,20.5231,44.63184877,0.15939695755089814,0.02076872657017545,SN
ZTF19acmelor,19.594322,59.92928094,0.15939695755089814,0.02076872657017545,SN
ZTF19acoknir,18.680445,29.38540151,0.15939695755089814,0.02076872657017545,SN
ZTF19acrwyyb,19.6917,43.69866845,0.15939695755089814,0.02076872657017545,SN
ZTF19acxmpnz,19.42329,33.68122887,0.0509792,0.02076872657017545,SN
ZTF19acxpuql,17.614914,60.04719052,0.149482,-0.531889701,SN
ZTF19acxxxec,18.294016,31.47740774,0.047875,0.02076872657017545,SN
ZTF19acyggzu,19.4337,-19.05715877,0.15939695755089814,0.02076872657017545,SN
ZTF19acyjzeo,18.184011,59.05439034,0.15939695755089814,0.02076872657017545,SN
ZTF19acyogrm,19.942001,50.83064977,0.332214,0.02076872657017545,SN
ZTF19adcfsad,18.93073,56.09074887,0.13547,0.120222245,SN
ZTF20aaaxghv,18.36458,42.28682363,0.15939695755089814,0.02076872657017545,SN
ZTF20aabqkxs,16.166925,45.66545305,0.15939695755089814,0.02076872657017545,SN
ZTF20aacdfyv,18.936749,34.12870788,0.966208,0.02076872657017545,SN
ZTF20aaekkuv,19.54441,34.63860303,0.0155417,0.499428465,SN
ZTF20aaelulu,14.916227,55.33296186,0.227482,0.02076872657017545,SN
ZTF20aaertpj,19.904589,62.92231888,0.15939695755089814,0.469950192,SN
ZTF20aaerxne,18.532665,74.25704858,0.133667,0.02076872657017545,SN
ZTF20aaetirf,18.51695,27.6055512,0.15939695755089814,0.02076872657017545,SN
ZTF20aaezgkg,19.545048,-12.1770095,0.15939695755089814,0.065389882,SN
ZTF20aafmdzj,17.914007,33.07466764,0.0,2.25498662,SN
ZTF20aagewqr,19.758774,46.57183071,0.15939695755089814,0.02076872657017545,SN
ZTF20aaiahra,18.80054,-67.905093,0.15939695755089814,0.02076872657017545,SN
ZTF20aaiftgi,18.784111,-27.13190943,0.196339,0.02076872657017545,SN
ZTF20aaiqiti,19.999735,-70.84195316,0.15939695755089814,0.02076872657017545,SN
ZTF20aajcdad,19.109446,-66.49871274,0.26528,0.106957973,SN
ZTF20aakodyh,18.9486,-44.80816457,0.0335833,0.02076872657017545,SN
ZTF20aalcyih,20.5059,-64.90013097,0.15939695755089814,0.02076872657017545,SN
ZTF20aalrqbu,18.049957,-17.49803098,0.835819,0.032694775,SN
ZTF20aalxlis,17.450102,-13.7798868,0.0836964,0.154271909,SN
ZTF20aamdyln,19.393147,-41.84686511,0.01625,0.02076872657017545,SN
ZTF20aammtwx,18.573917,16.32508273,0.145274,-0.114536193,SN
ZTF20aamqmhj,19.11,-43.6590629,0.101,0.250024214,SN
ZTF20aanvmdt,18.570366,-12.07536035,0.15939695755089814,0.02076872657017545,SN
ZTF20aapcbmc,18.946505,-21.80159402,0.15939695755089814,0.02076872657017545,SN
ZTF20aapnqbw,19.654783,-40.64693947,0.0529583,0.02076872657017545,SN
ZTF20aaqtlwo,19.9704,-38.40887074,0.0354583,0.417044994,SN
ZTF20aaskdhj,18.57284,-73.53925209,0.15939695755089814,0.02076872657017545,SN
ZTF20aasvmbk,20.5474,16.97932471,0.0143333,0.127975529,SN
ZTF20aaurexl,18.620506,-40.8344107,0.00517857,0.082234422,SN
ZTF20aaurfnl,19.313272,-46.79041676,0.15939695755089814,0.02076872657017545,SN
ZTF20aavcvrm,20.33199,13.88140863,1.0,0.02076872657017545,SN
ZTF20aavgcnu,18.679375,-70.65773111,0.15939695755089814,0.02076872657017545,SN
ZTF20aavgmli,18.452991,54.79566582,0.15939695755089814,0.02076872657017545,SN
ZTF20aavhyel,18.713623,-58.02864525,0.111875,0.02076872657017545,SN
ZTF20aavzffg,16.906487,66.45134624,0.15939695755089814,0.02076872657017545,SN
ZTF20aawihxz,18.436691,-44.47770617,0.15939695755089814,0.04490171,SN
ZTF20aaxvzja,19.8033,-36.09822055,0.229804,0.02076872657017545,SN
ZTF20aazhyrs,18.53709,-35.80991048,0.0025,0.02076872657017545,SN
ZTF20aazkjfv,19.095173,-29.96504134,0.056875,0.02076872657017545,SN
ZTF20aazpyhy,18.821007,48.59964802,0.00125,0.02076872657017545,SN
ZTF20abaszgh,18.799837,63.93384007,0.15939695755089814,0.090244363,SN
ZTF20abbhrrt,19.062944,44.61232837,0.0648333,-0.040088177,SN
ZTF20abbpkng,20.3397,33.50936094,0.143482,0.02076872657017545,SN
ZTF20abbplei,19.689472,51.94856706,0.144893,0.02076872657017545,SN
ZTF20abcjdwu,19.216063,52.52110583,0.020625001,0.02076872657017545,SN
ZTF20abdnpdo,20.1876,39.46785088,0.15939695755089814,0.02076872657017545,SN
ZTF20abeezca,18.237593,-10.22566388,0.15939695755089814,0.02076872657017545,SN
ZTF20abefbpl,19.13152,71.63403996,0.146762,-0.041575984,SN
ZTF20abfadah,20.4419,56.98577956,0.982604,0.02076872657017545,SN
ZTF20abgbxvb,17.97297,47.76706722,0.168139,-0.225185559,SN
ZTF20abhlncz,19.8381,-43.13158597,0.15939695755089814,-0.417064108,SN
ZTF20abjpvce,19.8877,48.15915307,0.15939695755089814,0.057871187,SN
ZTF20abjtavx,19.41374,26.75221652,0.15939695755089814,0.497663032,SN
ZTF20abkhtev,18.7061,45.18441253,0.15939695755089814,-0.558894386,SN
ZTF20abkiarz,18.2627,58.98327848,0.15939695755089814,-0.016274482,SN
ZTF20abodalh,18.568829,-13.62100566,0.15939695755089814,0.137400754,SN
ZTF20abozqdj,19.254395,44.35737491,0.15939695755089814,0.02076872657017545,SN
ZTF20abpuxcc,18.27406,63.25341241,0.143976,0.02076872657017545,SN
ZTF20abpvhqv,20.0642,14.34232718,0.235649,0.02076872657017545,SN
ZTF20abqdkne,18.959993,56.49599731,0.0916964,0.02076872657017545,SN
ZTF20abrcnbr,18.686907,70.0659532,0.138649,0.02076872657017545,SN
ZTF20abrmmah,19.674421,14.64260425,0.15939695755089814,0.071843748,SN
ZTF20abswdbg,20.49862,20.73722738,0.005,0.02076872657017545,SN
ZTF20abtkjfw,18.96468,15.55339402,0.15939695755089814,0.02076872657017545,SN
ZTF20abvquuo,20.0382,73.35948509,0.0,-0.468995361,SN
ZTF20abvvnqh,19.743933,69.01370777,0.15939695755089814,0.02076872657017545,SN
ZTF20abwxywy,18.511295,40.42248008,0.15939695755089814,0.02076872657017545,SN
ZTF20abxpoxd,20.0154,36.4637068,0.158399001,0.02076872657017545,SN
ZTF20abxyaaf,18.13895,44.43417009,0.15939695755089814,0.02076872657017545,SN
ZTF20abywsut,18.67202,48.55550326,0.726083,0.02076872657017545,SN
ZTF20abyznqs,18.689175,18.00330747,0.15939695755089814,0.070368336,SN
ZTF20abzjcdg,18.884754,58.16036433,0.162357,0.02076872657017545,SN
ZTF20abzoeiw,18.088095,63.39241801,0.15939695755089814,0.02076872657017545,SN
ZTF20accbsxa,20.5632,58.55141191,0.15939695755089814,0.02076872657017545,SN
ZTF20accoccp,19.567799,58.38367591,0.15939695755089814,0.02076872657017545,SN
ZTF20acfqngt,20.455593,-32.33545501,0.940583,-0.299616426,SN
ZTF20acjbzrh,19.743923,43.75692831,0.01025,0.02076872657017545,SN
ZTF20aclnplo,19.149054,27.46853236,0.0245833,0.297626989,SN
ZTF20acpjqxp,18.299374,55.02936394,0.15939695755089814,0.163760459,SN
ZTF20acpzaoa,19.956387,14.7813712,0.177774,0.02076872657017545,SN
ZTF20acqvwzm,17.048264,53.13635636,0.15939695755089814,0.02076872657017545,SN
ZTF20actekrw,19.743328,-27.93607988,0.15939695755089814,0.547964347,SN
ZTF20actpqgc,19.6012,76.15944167,0.15939695755089814,0.02076872657017545,SN
ZTF20acueziy,19.0386,57.58798269,0.232393,0.02076872657017545,SN
ZTF20acvcxkz,19.9565,-72.722672,0.0409583,-0.428450215,SN
ZTF20acvebcu,19.2212,-30.79836474,0.091122,0.02076872657017545,SN
ZTF20acwofhd,19.590788,-33.26990639,0.15939695755089814,-0.08466892,SN
ZTF20acwpibi,19.29837,35.9805834,0.15939695755089814,0.02076872657017545,SN
ZTF20acxqxyw,20.20092,-83.24218117,0.019625,0.171412732,SN
ZTF20adadrhw,15.84187,-30.55063794,0.15939695755089814,-0.757391295,SN
ZTF21aaabzdr,19.004484,-50.40690213,0.141679,0.02076872657017545,SN
ZTF21aaaosoq,18.578487,-11.6852657,0.15939695755089814,-0.803082177,SN
ZTF21aaaubig,20.0048,-79.77927001,0.0885,0.02076872657017545,SN
ZTF21aabpnlm,20.706,-55.07440489,0.15939695755089814,0.02076872657017545,SN
ZTF21aabqtsd,19.7758,-42.22150558,0.272661,0.02076872657017545,SN
ZTF21aabyifm,19.3645,-20.82368571,0.15939695755089814,-0.491592941,SN
ZTF21aacufip,18.738136,59.05455051,0.002,0.02076872657017545,SN
ZTF21aadatfg,19.897013,-37.50474483,0.000833333,0.061063037,SN
ZTF21aafnunh,18.726969,17.6999526,0.0025,-0.014401017,SN
ZTF21aagbpvf,18.627249,29.85531166,0.199964,0.02076872657017545,SN
ZTF21aagtpro,17.635649,-53.93808097,0.280161,0.02076872657017545,SN
ZTF21aahdqrg,18.696634,-60.00739265,0.15939695755089814,0.079697684,SN
ZTF21aakilyd,18.10856,-20.56504848,0.002,0.02076872657017545,SN
ZTF21aakymbv,19.29711,-38.0308932,0.202439994,0.02076872657017545,SN
ZTF21aalkjbl,19.31487,21.09322711,0.15939695755089814,0.05650101,SN
ZTF21aalkltz,20.244576,-45.71796716,0.15939695755089814,0.280426299,SN
ZTF21aamobbh,19.13313,-65.45877629,0.1115,-0.17693369,SN
ZTF21aannoix,18.440517,58.54339365,0.15939695755089814,-0.313961578,SN
ZTF21aanvncv,18.76876,-39.00787512,0.672874987,0.02076872657017545,SN
ZTF21aaocrlm,19.6112,-27.7337451,0.005625,-0.745938931,SN
ZTF21aapdumx,18.103094,-72.60187824,0.0206667,0.115462427,SN
ZTF21aapecxb,18.610594,-27.84644162,0.00479167,0.164519968,SN
ZTF21aaqhhfu,17.764894,-11.02383512,0.15939695755089814,0.141204358,SN
ZTF21aaqldsk,19.8457,43.62461239,0.168482,0.02076872657017545,SN
ZTF21aarnjyd,20.0579,18.452499129666677,0.0930685,0.125316443,SN
ZTF21aartgiv,20.294876,18.452499129666677,0.15939695755089814,0.035605224,SN
ZTF21aatwkkt,19.021875,18.452499129666677,0.152887,0.02076872657017545,SN
ZTF21aaufwyh,20.246778,18.452499129666677,0.105762,0.02076872657017545,SN
ZTF21aauvmck,19.256514,18.452499129666677,0.15939695755089814,0.194032732,SN
ZTF21aawlcwh,20.3909,18.452499129666677,0.15939695755089814,0.02076872657017545,SN
ZTF21aawmdxw,18.339483,18.452499129666677,0.15939695755089814,0.02076872657017545,SN
ZTF21aawogdl,20.5621,18.452499129666677,0.575577,-0.354459423,SN
ZTF21aaxtctv,18.003529,18.452499129666677,0.15939695755089814,0.02076872657017545,SN
ZTF21aaxxihx,19.429134,18.452499129666677,0.001875,-0.023305161,SN
ZTF21aayddkn,20.4435,18.452499129666677,0.190756,0.02076872657017545,SN
ZTF21aaygqkb,20.2946,18.452499129666677,0.15939695755089814,0.02076872657017545,SN
ZTF21aayqrgx,19.665516,18.452499129666677,0.0,0.100195754,SN
ZTF21abahiow,20.3424,18.452499129666677,0.160386994,0.02076872657017545,SN
ZTF21abccaue,19.606865,18.452499129666677,0.242839,0.02076872657017545,SN
ZTF21abcgaln,16.8715,18.452499129666677,0.310588986,0.02076872657017545,SN
ZTF21abcgnql,19.493753,18.452499129666677,0.055875,-0.341339466,SN
ZTF21abchjer,19.180145,18.452499129666677,0.15939695755089814,0.02076872657017545,SN
ZTF21abdkojo,19.619963,18.452499129666677,0.15939695755089814,0.02076872657017545,SN
ZTF21abdxhgv,20.200012,18.452499129666677,0.00416667,0.066907166,SN
ZTF21abhrpia,18.896564,18.452499129666677,0.11744,0.02076872657017545,SN
ZTF21abieuta,19.5937,18.452499129666677,0.182685003,0.02076872657017545,SN
ZTF21abimeun,19.8711,18.452499129666677,0.15939695755089814,0.02076872657017545,SN
ZTF21abimnii,18.718506,18.452499129666677,0.039214302,0.02076872657017545,SN
ZTF21abjziud,18.303951,18.452499129666677,0.15939695755089814,0.02076872657017545,SN
ZTF21abklcjq,20.2053,18.452499129666677,0.159649,-0.008728813,SN
ZTF21abkquhv,18.593739,18.452499129666677,0.387032986,0.02076872657017545,SN
ZTF21abmjgwf,19.287231,18.452499129666677,0.0025,0.02076872657017545,SN
ZTF21abmlldj,20.6698,18.452499129666677,0.00808333,0.02076872657017545,SN
ZTF21abmxiuf,18.939177,18.452499129666677,0.150065005,0.02076872657017545,SN
ZTF21abngbrl,19.723692,18.452499129666677,0.15939695755089814,0.02076872657017545,SN
ZTF21abplhpw,19.352077,18.452499129666677,0.234332994,0.02076872657017545,SN
ZTF21abpwtde,19.872051,18.452499129666677,0.00833333,0.02076872657017545,SN
ZTF21abraccv,18.862207,18.452499129666677,0.120548002,0.02076872657017545,SN
ZTF21abrfvax,20.3744,18.452499129666677,0.00416667,-0.072749797,SN
ZTF21abrpdjh,19.652126,18.452499129666677,0.184350997,-0.466294821,SN
ZTF21abrqrsz,18.52029,18.452499129666677,0.15939695755089814,0.02076872657017545,SN
ZTF21abuvury,18.758171,18.452499129666677,0.15939695755089814,-0.231546535,SN
ZTF21abvcugy,18.6349,18.452499129666677,0.054958299,0.02076872657017545,SN
ZTF21abvcuhk,19.079746,18.452499129666677,0.044374999,-0.064044075,SN
ZTF21acbnfos,20.211235,18.452499129666677,0.15939695755089814,-0.161524252,SN
ZTF21acdxhuv,17.825638,18.452499129666677,0.349225998,0.02076872657017545,SN
ZTF21aceehxt,19.306034,18.452499129666677,0.15939695755089814,-0.126452536,SN
ZTF21acekmmm,19.546965,18.452499129666677,0.0557083,0.02076872657017545,SN
ZTF21acgxypn,19.27855,18.452499129666677,0.15939695755089814,-0.21965938,SN
ZTF21achujxq,18.286724,18.452499129666677,0.028875001,0.02076872657017545,SN
ZTF21aciuhqw,19.3011,18.452499129666677,0.15939695755089814,-0.048432621,SN
ZTF21aciustc,18.330257,18.452499129666677,0.15939695755089814,0.02076872657017545,SN
ZTF21aciwixf,19.320518,18.452499129666677,0.013625,0.02076872657017545,SN
ZTF21acjmvhx,18.355867,18.452499129666677,0.043125,0.02076872657017545,SN
ZTF21acjoorl,19.873034,18.452499129666677,0.074872002,-0.557399871,SN
ZTF21acjxjpu,19.49208,18.452499129666677,0.15939695755089814,0.02076872657017545,SN
ZTF21acjxzsa,19.353294,18.452499129666677,0.0278333,0.02076872657017545,SN
ZTF18aaaibml,18.405918,47.63777904,0.0674583,0.284249989,SN
ZTF18aabssth,20.463,64.45574594,0.591374993,0.10444303791139241,SN
ZTF18aacemcn,19.4939,49.81928424,0.021125,0.10444303791139241,SN
ZTF18aacnlxz,19.190247,40.80533089,0.0174107,0.10444303791139241,SN
ZTF18aaegvyd,18.253778,75.08148038,0.16398836298349825,0.10444303791139241,SN
ZTF18aahfqbc,17.91807,43.57180282,0.16398836298349825,0.10444303791139241,SN
ZTF18aahhqih,19.4728,73.41641665,0.160774007,0.10444303791139241,SN
ZTF18aahmhxu,19.9569,79.22212415,0.00270833,0.10444303791139241,SN
ZTF18aahrzkb,17.868412,34.66709251,0.0577292,0.10444303791139241,SN
ZTF18aainvic,19.4552,84.10186609,0.045958299,0.10444303791139241,SN
ZTF18aakctzv,20.5581,53.69060077,0.007875,0.10444303791139241,SN
ZTF18aakfabl,18.3869,60.30420636,0.0960417,0.071732754,SN
ZTF18aamfrvy,20.0337,75.75268105,0.184542,0.10444303791139241,SN
ZTF18aapifti,19.709846,42.50680085,0.268435001,0.10444303791139241,SN
ZTF18aaqfqaa,16.9543,71.27139127,0.305326998,0.10444303791139241,SN
ZTF18aaqkdwu,19.64901,59.29324024,0.0025,0.151783144,SN
ZTF18aaqkoyr,19.0744,48.98401376,0.069624998,0.10444303791139241,SN
ZTF18aartimj,20.4668,65.18635489,0.16398836298349825,0.10444303791139241,SN
ZTF18aasufva,18.641184,67.25421221,0.16398836298349825,0.10444303791139241,SN
ZTF18aasxvsg,19.0931,60.64165481,0.075625,0.10444303791139241,SN
ZTF18aasycpd,20.917,61.03333427,0.051160701,0.10444303791139241,SN
ZTF18aaszvfn,19.138252,33.82285339,0.17344,0.10444303791139241,SN
ZTF18aatjlhe,18.853102,18.54906902,0.16398836298349825,0.10444303791139241,SN
ZTF18aatlfus,18.4459,40.89660811,0.111946,0.10444303791139241,SN
ZTF18aatyqds,18.1934,52.48505168,0.0868631,0.10444303791139241,SN
ZTF18aauxzle,20.1887,27.75062976,0.16398836298349825,0.10444303791139241,SN
ZTF18aavjcpf,20.313837,56.40802597,0.0,0.10444303791139241,SN
ZTF18aavqdyq,20.6187,69.66843315,0.16398836298349825,0.10444303791139241,SN
ZTF18aawgrxz,19.595867,30.80859599,0.00916667,0.056485973,SN
ZTF18aawpwlf,18.247684,17.21985396,0.0235417,0.355508321,SN
ZTF18aawyjjq,18.7326,75.47222004,0.150149,0.411250705,SN
ZTF18aaxkqgy,17.912,41.13569198,0.16398836298349825,-0.67504451,SN
ZTF18aaxnqjb,20.3618,65.15321579,0.16398836298349825,0.10444303791139241,SN
ZTF18aayyxxp,18.857328,49.45245955,0.16398836298349825,0.10444303791139241,SN
ZTF18abaelhi,19.6774,71.93921032,0.0595833,0.10444303791139241,SN
ZTF18abbpxik,19.86495,49.64965542,0.364984989,0.10444303791139241,SN
ZTF18abbpyvk,17.368544,26.83843411,0.232673004,0.10444303791139241,SN
ZTF18abceakp,20.231974,51.5875466,0.16398836298349825,0.10444303791139241,SN
ZTF18abcezmh,19.732195,47.42304755,0.0888601,-0.097391578,SN
ZTF18abcfdzu,20.448,79.68249548,0.01,0.10444303791139241,SN
ZTF18abckutn,19.865,30.08657558,0.104464,-0.167401984,SN
ZTF18abcpmwh,16.778105,42.78278389,0.16398836298349825,0.10444303791139241,SN
ZTF18abcptmt,18.884155,48.73857573,0.000833333,0.10444303791139241,SN
ZTF18abcyhju,18.699453,82.77453611,0.16398836298349825,0.10444303791139241,SN
ZTF18abcyues,19.73209,44.88220607,0.403136998,0.10444303791139241,SN
ZTF18abdbysy,19.445284,37.10858204,0.16398836298349825,-0.03848631,SN
ZTF18abdfwcy,17.148912,39.68373624,0.16398836298349825,0.01062369,SN
ZTF18abdjmfh,19.375544,48.8919198,0.148000002,0.10444303791139241,SN
ZTF18abdmlya,18.316954,48.27824728,0.16398836298349825,0.10444303791139241,SN
ZTF18abdrbqp,17.917162,44.89664494,0.16398836298349825,0.10444303791139241,SN
ZTF18abeajml,17.899563,-7.237579005,0.182024,0.10444303791139241,SN
ZTF18abesqnb,19.98049,44.01035544,0.16398836298349825,0.17014108,SN
ZTF18abffyqp,18.138617,48.86953039,0.16398836298349825,-0.022183572,SN
ZTF18abfzfcv,20.8037,15.50754445,0.16398836298349825,0.10444303791139241,SN
ZTF18abfzixe,19.556831,52.37592046,0.0,0.10444303791139241,SN
ZTF18abgladq,17.691822,-26.97948487,0.16398836298349825,-0.122048557,SN
ZTF18abgrbjb,20.066776,13.34149466,0.16398836298349825,0.10444303791139241,SN
ZTF18abgzkmf,19.296955,-22.8982969,0.258064985,0.10444303791139241,SN
ZTF18abiiqdl,20.3431,-35.43224005,0.779021,0.10444303791139241,SN
ZTF18abimhfu,18.781921,16.23066347,0.991944,0.775125166,SN
ZTF18abjkryl,18.08694,-14.91829572,0.979166985,0.10444303791139241,SN
ZTF18abjndhh,18.359467,-27.31887486,0.225786,0.10444303791139241,SN
ZTF18abjovdz,18.804134,35.36530024,0.16398836298349825,0.10444303791139241,SN
ZTF18abklbam,17.852415,28.54324486,0.16398836298349825,0.10444303791139241,SN
ZTF18abmdpwe,18.053394,29.84105164,0.16398836298349825,0.10444303791139241,SN
ZTF18abnuexr,18.252205,17.83109851,0.438006014,0.10444303791139241,SN
ZTF18abnzlai,18.813442,-11.27121375,0.214076996,0.10444303791139241,SN
ZTF18abojpnr,19.3304,31.47959702,0.16398836298349825,0.10444303791139241,SN
ZTF18abokyfk,18.282696,35.4212153,0.582833,0.10444303791139241,SN
ZTF18abqyvzy,16.659304,-43.92038241,0.16398836298349825,0.10444303791139241,SN
ZTF18abrlljc,18.373264,-31.60824833,0.023125,0.10444303791139241,SN
ZTF18abrzbtb,20.4408,-28.76835052,0.16398836298349825,0.10444303791139241,SN
ZTF18abrzbum,20.41113,-56.08171691,0.123833001,0.10444303791139241,SN
ZTF18absbgqd,17.932611,-31.28127514,0.006875,0.10444303791139241,SN
ZTF18absclsr,17.513912,-60.12031177,0.16398836298349825,0.10444303791139241,SN
ZTF18abscyji,20.4877,-71.83951047,0.00791667,0.10444303791139241,SN
ZTF18abscyjj,19.02972,-51.7990344,0.16398836298349825,0.10444303791139241,SN
ZTF18absgnbm,18.722448,31.71231482,0.116167001,0.10444303791139241,SN
ZTF18abskoyh,18.139366,32.82636589,0.16398836298349825,0.10444303791139241,SN
ZTF18absldfl,18.7706,-62.38574605,0.002875,0.358642641,SN
ZTF18abtrknw,18.135204,-62.38209169,0.00208333,0.10444303791139241,SN
ZTF18abtvstb,19.316837,-30.68589306,0.0108333,0.10444303791139241,SN
ZTF18abuicad,20.010088,49.75835081,0.016875,0.56281501,SN
ZTF18abuqhje,18.68742,31.22196537,0.16398836298349825,0.10444303791139241,SN
ZTF18abvejqt,20.363,45.79239101,0.0172917,0.10444303791139241,SN
ZTF18abvfecb,20.180208,35.30267687,0.00729167,0.10444303791139241,SN
ZTF18abvgivy,21.0215,-33.93478675,0.029131001,0.10444303791139241,SN
ZTF18abvgjft,20.569618,-30.15001258,0.16398836298349825,0.10444303791139241,SN
ZTF18abvmlow,18.473583,-58.26157187,0.16398836298349825,0.10444303791139241,SN
ZTF18abvvmdf,19.330093,-45.10190937,0.16398836298349825,0.24241969,SN
ZTF18abvxoty,19.352684,-48.37763303,0.16398836298349825,0.10444303791139241,SN
ZTF18abvzdvj,18.909626,61.68762875,0.00333333,-0.582639423,SN
ZTF18abwcooy,20.472,58.502244,0.16398836298349825,0.10444303791139241,SN
ZTF18abwkrbl,16.019823,43.05810665,0.308869,-0.092936616,SN
ZTF18abwlsoi,18.74276,18.68971716,0.16398836298349825,0.205339032,SN
ZTF18abwlupf,19.453653,-31.02094268,0.001875,0.10444303791139241,SN
ZTF18abxbmcl,20.2323,-58.29554533,0.102339,0.10444303791139241,SN
ZTF18abxbmqh,19.226376,-19.99602979,0.993167,0.10444303791139241,SN
ZTF18abxdtyz,19.928913,73.91806952,0.16398836298349825,0.102791555,SN
ZTF18abxjekh,19.018465,68.63647389,0.157607,0.10444303791139241,SN
ZTF18abxqemv,18.53792,-55.07715738,0.16398836298349825,0.10444303791139241,SN
ZTF18abyvenk,20.1596,18.79169948,0.16398836298349825,0.10444303791139241,SN
ZTF18abzrgim,18.50249,42.38709432,0.447256,0.373829816,SN
ZTF18abzscns,18.93929,28.59874047,0.16398836298349825,0.433031059,SN
ZTF18acahvwm,20.2834,36.38002494,0.16398836298349825,-0.781833916,SN
ZTF18acakwsu,18.66677,34.50717942,0.186179,-0.149834803,SN
ZTF18acbuemc,18.7,69.64007591,0.141929,0.254531513,SN
ZTF18acbvhfl,20.657,-35.45982263,0.0025,0.10444303791139241,SN
ZTF18acbvhit,17.84642,42.38921658,0.173929,-0.026549931,SN
ZTF18acbwasc,18.59881,50.21784491,0.16398836298349825,-0.357534829,SN
ZTF18acbwaxk,16.405281,15.0349117,0.16398836298349825,0.490019888,SN
ZTF18acbwglb,17.252123,24.66999069,0.16398836298349825,0.10444303791139241,SN
ZTF18acbwopo,18.371187,58.84774475,0.0155833,0.10444303791139241,SN
ZTF18acbwtng,18.567633,78.44863728,0.249214,0.10444303791139241,SN
ZTF18acbxkop,17.838158,75.98689616,0.0648333,0.10444303791139241,SN
ZTF18acbxshd,18.98892,71.86136968,0.16398836298349825,0.10444303791139241,SN
ZTF18acbxudr,18.46782,8.998976006,0.169303998,0.10444303791139241,SN
ZTF18acbzoyh,19.17071,52.60148913,1.0,0.031328342,SN
ZTF18acbzvpg,19.6595,-51.9289454,0.231333,0.10444303791139241,SN
ZTF18accbwow,16.595667,26.63188231,0.0537083,0.10444303791139241,SN
ZTF18accfjmp,18.802788,-51.93267369,0.16398836298349825,0.10444303791139241,SN
ZTF18accmkud,19.346323,82.22652234,0.990417,0.10444303791139241,SN
ZTF18accngxc,19.261553,-45.69351376,0.00333333,0.10444303791139241,SN
ZTF18accnmri,19.6563,-48.88530009,0.242791995,0.10444303791139241,SN
ZTF18accnoli,17.451569,-45.32257379,0.16398836298349825,0.10444303791139241,SN
ZTF18acdvrfu,19.636732,49.54250882,0.16398836298349825,0.10444303791139241,SN
ZTF18acdvvgx,17.882624,-33.37455785,0.0,0.10444303791139241,SN
ZTF18acebssa,17.40067,-68.85747434,0.0376667,0.336865224,SN
ZTF18acefuhk,20.1821,-58.30058489,0.002,0.281442363,SN
ZTF18acgvgiq,17.534445,-58.53516042,0.0804722,0.10444303791139241,SN
ZTF18achtnvk,19.362223,24.12285907,0.0491667,0.10444303791139241,SN
ZTF18acnbptb,19.348486,40.17470421,0.16398836298349825,0.10444303791139241,SN
ZTF18acnmifq,20.5265,21.42922627,0.16398836298349825,0.10444303791139241,SN
ZTF18acnnevs,20.459,46.92117372,0.00333333,0.10444303791139241,SN
ZTF18acqppuj,19.515844,44.14279013,0.0453958,0.10444303791139241,SN
ZTF18acqsqrg,17.84441,75.44505835,0.00395833,0.10444303791139241,SN
ZTF18acqsroy,19.5098,43.03575325,0.16398836298349825,0.10444303791139241,SN
ZTF18acqwdla,17.82627,48.17436412,0.0624792,0.002100892,SN
ZTF18acqxyiq,19.210808,57.76611195,0.16398836298349825,0.10444303791139241,SN
ZTF18acrcogn,16.25158,41.54058733,0.16398836298349825,0.10444303791139241,SN
ZTF18acrcyqw,17.887835,39.18036081,0.16398836298349825,0.10444303791139241,SN
ZTF18acrflch,18.595167,60.41304155,0.16398836298349825,0.10444303791139241,SN
ZTF18acrhehl,18.43927,-44.82435696,0.0885268,0.10444303791139241,SN
ZTF18acrtvmm,17.83099,37.64681685,0.667113,0.10444303791139241,SN
ZTF18acrtwlx,19.595388,-39.90173007,0.158023998,0.10444303791139241,SN
ZTF18acrwheu,19.093124,56.70311344,0.005625,0.10444303791139241,SN
ZTF18acrxpzx,19.214058,-75.41859539,0.16398836298349825,0.10444303791139241,SN
ZTF18acrygtk,19.275566,70.30190741,0.16398836298349825,0.10444303791139241,SN
ZTF18acsvycn,18.117231,83.95693526,0.16398836298349825,0.10444303791139241,SN
ZTF18acsxwdi,18.209862,-43.3433562,0.00333333,0.10444303791139241,SN
ZTF18acsyaye,18.486103,39.21376361,0.0324167,0.10444303791139241,SN
ZTF18acszaiy,18.40306,37.15884526,0.060375,0.10444303791139241,SN
ZTF18acszayr,17.185,55.98734929,0.0,0.10444303791139241,SN
ZTF18acuqskr,18.708946,51.8607263,0.0283333,-0.065259487,SN
ZTF18acuring,19.117947,42.01071495,0.022375,0.10444303791139241,SN
ZTF18acurqaw,19.522982,70.47498919,0.16398836298349825,0.10444303791139241,SN
ZTF18acvgyst,18.480188,-46.45115318,0.144961,0.10444303791139241,SN
ZTF18acvilwk,17.678541,69.25083919,0.077,0.10444303791139241,SN
ZTF18acvwdkk,19.811413,36.57732456,0.16398836298349825,0.352435925,SN
ZTF18acwyvet,16.681408,38.20087959,0.16398836298349825,0.181644214,SN
ZTF18acwzxhr,20.1953,69.28590066,0.16398836298349825,0.10444303791139241,SN
ZTF18adachwf,19.1616,58.78277446,0.299113,0.10444303791139241,SN
ZTF18adacicy,18.872,30.65074229,0.157387,0.10444303791139241,SN
ZTF18adalhga,19.045942,49.04598938,0.16398836298349825,0.10444303791139241,SN
ZTF18adazblo,19.26263,50.24310177,0.16398836298349825,0.214408443,SN
ZTF18adbacau,19.321066,63.699395,0.16398836298349825,-0.095565786,SN
ZTF18adbadfz,19.130392,54.81715569,0.16398836298349825,0.10444303791139241,SN
ZTF18adbadic,18.537193,30.30315008,0.16398836298349825,0.10444303791139241,SN
ZTF18adbclkd,17.354822,68.67638472,0.262494,-0.18098491,SN
ZTF18adbikdz,19.06738,17.95195893,0.289167,0.10444303791139241,SN
ZTF18adbmbpa,17.661688,32.84133258,0.0,0.10444303791139241,SN
ZTF18adbmiwf,18.876045,84.48261838,0.16398836298349825,0.10444303791139241,SN
ZTF19aaabzpt,19.4142,64.24467265,0.16398836298349825,0.10444303791139241,SN
ZTF19aaadwfi,20.21,45.92368036,0.0154167,0.10444303791139241,SN
ZTF19aacnxvc,18.552534,33.35487131,0.16398836298349825,0.10444303791139241,SN
ZTF19aadnsqj,20.0745,50.71282593,0.16398836298349825,0.10444303791139241,SN
ZTF19aadnxnl,16.421911,42.01008354,0.190631,0.119684037,SN
ZTF19aadnxog,17.33921,79.58342878,0.16398836298349825,0.338357604,SN
ZTF19aadpoik,17.022175,41.07446666,0.16398836298349825,0.10444303791139241,SN
ZTF19aadpqnb,20.3929,68.77968379,0.16398836298349825,0.10444303791139241,SN
ZTF19aadtqcd,19.431818,29.16313304,0.16398836298349825,0.10444303791139241,SN
ZTF19aaduufr,18.6382,38.3386729,0.0588611,0.10444303791139241,SN
ZTF19aadyiao,19.1229,19.47879261,0.16398836298349825,0.10444303791139241,SN
ZTF19aadypig,17.653168,80.04374658,0.584542,0.10444303791139241,SN
ZTF19aaejtof,19.410654,50.23868519,0.00695833,0.10444303791139241,SN
ZTF19aaeopgw,21.6187,35.32148963,0.00166667,0.10444303791139241,SN
ZTF19aaeoqqj,19.068565,46.84530171,0.16398836298349825,0.10444303791139241,SN
ZTF19aaeuhgo,20.3034,48.46959701,0.0,0.10444303791139241,SN
ZTF19aafljiq,19.661373,60.04983843,0.0332083,-0.035708984,SN
ZTF19aafndot,19.054123,40.13186897,0.154208,0.022664994,SN
ZTF19aafnend,19.7762,55.06162004,0.0805476,0.10444303791139241,SN
ZTF19aailepg,19.0266,42.05769449,0.00625,0.10444303791139241,SN
ZTF19aailvhf,19.539654,58.68913554,0.074,0.044219968,SN
ZTF19aajwkbb,19.796831,75.9358932,0.161283,0.10444303791139241,SN
ZTF19aakiyed,19.199299,44.41235724,0.248887,0.132059257,SN
ZTF19aakjcxs,17.950867,43.09668184,0.16398836298349825,0.268071941,SN
ZTF19aakkrqu,18.820568,49.32305503,0.16398836298349825,0.10444303791139241,SN
ZTF19aakkths,18.256517,49.14805334,0.16398836298349825,0.10444303791139241,SN
ZTF19aakkwpi,18.367243,18.61936326,0.16398836298349825,0.10444303791139241,SN
ZTF19aaknate,18.573368,41.23390725,0.16398836298349825,-0.54614677,SN
ZTF19aakpccq,19.137415,43.37360441,0.16398836298349825,0.10444303791139241,SN
ZTF19aakphow,18.827396,75.05724529,0.16398836298349825,0.10444303791139241,SN
ZTF19aakpmqg,17.225199,-17.94998641,0.16398836298349825,0.10444303791139241,SN
ZTF19aakrsuo,18.7211,-20.6673196,0.16398836298349825,0.10444303791139241,SN
ZTF19aakssnv,18.595448,79.57731149,0.16398836298349825,0.10444303791139241,SN
ZTF19aakzash,18.932,73.19102728,0.16398836298349825,0.10444303791139241,SN
ZTF19aaladlt,19.1712,53.62866863,0.16398836298349825,0.10444303791139241,SN
ZTF19aalbrgu,17.923376,62.89384528,0.003125,0.10444303791139241,SN
ZTF19aallimd,17.058313,16.55005881,0.16398836298349825,0.091708106,SN
ZTF19aaloqmd,18.367657,36.57707922,0.16398836298349825,0.10444303791139241,SN
ZTF19aalsnbp,18.5689,44.71561297,0.0,0.531025214,SN
ZTF19aalubxw,19.032621,29.89788467,0.01325,0.10444303791139241,SN
ZTF19aalztms,18.914646,66.63238714,0.16398836298349825,0.10444303791139241,SN
ZTF19aamftfu,18.4469,78.54119032,0.16398836298349825,0.10444303791139241,SN
ZTF19aamggmk,19.395466,69.85606015,0.181381,0.461858342,SN
ZTF19aamggnw,18.642427,56.30244835,0.0392083,0.10444303791139241,SN
ZTF19aamhgwm,18.350298,81.90637484,0.123179,0.10444303791139241,SN
ZTF19aamhmsx,18.715572,78.97227383,0.16398836298349825,0.10444303791139241,SN
ZTF19aamkfvy,18.60513,-30.46671312,0.0208333,0.10444303791139241,SN
ZTF19aamljom,16.100618,10.0767099,0.16398836298349825,0.10444303791139241,SN
ZTF19aamowaf,18.121847,47.62487901,0.171336,0.10444303791139241,SN
ZTF19aamrais,19.283037,22.61005983,0.0135,0.10444303791139241,SN
ZTF19aamtwiz,18.8516,54.72981816,0.16398836298349825,0.084270866,SN
ZTF19aamvape,20.925,80.18401578,0.16398836298349825,0.10444303791139241,SN
ZTF19aamwhat,17.54087,51.57498124,0.16398836298349825,0.10444303791139241,SN
ZTF19aanbpus,18.433807,48.78178339,0.139649004,0.10444303791139241,SN
ZTF19aandjiw,19.112751,-18.66393518,0.16398836298349825,0.10444303791139241,SN
ZTF19aanfnvl,18.226303,-19.16095088,0.16398836298349825,0.10444303791139241,SN
ZTF19aanhhal,18.171774,-19.37441256,0.298357,2.278491519,SN
ZTF19aaniore,19.064627,63.63519561,0.01875,0.089618294,SN
ZTF19aanlekq,18.096228,74.45311184,0.0239167,0.036162711,SN
ZTF19aanovps,19.1136,70.61767497,0.00125,0.10444303791139241,SN
ZTF19aanpcep,18.136976,64.58885785,0.16398836298349825,0.152730604,SN
ZTF19aanrrqu,17.132767,42.7039612,0.290708,-0.092572599,SN
ZTF19aaozugz,19.481249,-21.87041861,0.16398836298349825,0.10444303791139241,SN
ZTF19aapadxs,20.4609,-24.18767669,0.174315,0.10444303791139241,SN
ZTF19aapafit,17.777884,43.26375785,0.16398836298349825,0.247712257,SN
ZTF19aapafqd,20.9912,-43.40735358,0.17772,0.10444303791139241,SN
ZTF19aapbfot,18.860828,-47.27868408,0.16398836298349825,0.10444303791139241,SN
ZTF19aapcnzi,19.43636,-10.77288316,0.0289167,0.10444303791139241,SN
ZTF19aapfnym,18.56673,69.88841914,0.186345,0.10444303791139241,SN
ZTF19aapfohi,18.834759,78.22053308,0.16398836298349825,0.10444303791139241,SN
ZTF19aapmdwm,18.722319,-22.77837133,0.161982,0.10444303791139241,SN
ZTF19aapreza,19.0121,-21.28981686,0.889125,0.10444303791139241,SN
ZTF19aaprvar,18.319674,-18.17832467,0.595625,0.294125934,SN
ZTF19aaqdkrm,18.2881,-44.18413524,0.123179,0.10444303791139241,SN
ZTF19aaqxosb,18.535543,69.92249646,0.16398836298349825,0.146856513,SN
ZTF19aarfnmb,18.559479,25.42728508,0.16398836298349825,0.10444303791139241,SN
ZTF19aarhhfx,19.8417,65.99532847,0.16398836298349825,0.10444303791139241,SN
ZTF19aariwfe,18.548092,-60.82478847,0.523917,0.10444303791139241,SN
ZTF19aarjfqe,18.179134,67.40571023,0.185214,0.10444303791139241,SN
ZTF19aarykkb,19.037867,70.6984949,0.070377,-0.469552707,SN
ZTF19aasmddt,19.404224,51.53015358,0.16398836298349825,0.10444303791139241,SN
ZTF19aaspsbg,19.203272,-24.36075282,0.16398836298349825,0.10444303791139241,SN
ZTF19aatevrp,17.59906,-40.51664599,0.382167,0.10444303791139241,SN
ZTF19aatgxjy,17.186707,62.45569486,0.56,0.10444303791139241,SN
ZTF19aathllr,19.277239,35.61469619,0.0721458,0.157802288,SN
ZTF19aatlqdf,18.837784,-33.59099353,0.011375,0.10444303791139241,SN
ZTF19aatmgjs,18.703552,-74.96501422,0.16398836298349825,0.10444303791139241,SN
ZTF19aatqzim,20.5425,-76.18991164,0.150304,0.10444303791139241,SN
ZTF19aatwvft,18.65069,-62.15663017,0.16398836298349825,0.10444303791139241,SN
ZTF19aaugaam,18.162987,-64.81089903,0.030625,0.086005775,SN
ZTF19aaugupw,21.0175,68.35974499,0.0135119,0.10444303791139241,SN
ZTF19aauisdr,19.242245,-45.81791687,0.0045,0.10444303791139241,SN
ZTF19aauishy,19.260815,-23.7996066,0.0450417,0.028885214,SN
ZTF19aauoiow,17.415926,-49.49087991,0.16398836298349825,0.10444303791139241,SN
ZTF19aauqwna,19.052284,-59.14520964,0.160339,0.10444303791139241,SN
ZTF19aauvbqv,18.854893,9.161913572,0.101375,-0.032328155,SN
ZTF19aauxxgk,18.42016,64.00934344,0.0795833,-0.092248017,SN
ZTF19aavbjfp,18.59492,85.85924804,0.16398836298349825,0.10444303791139241,SN
ZTF19aavbkly,19.0922,-25.98962025,0.140679,0.10444303791139241,SN
ZTF19aavhblr,18.845444,-16.34067093,0.0,-0.39548584,SN
ZTF19aavjlkx,18.785755,-32.68750244,0.0299048,0.04130216,SN
ZTF19aavjzrz,18.421778,57.55773307,0.16398836298349825,0.10444303791139241,SN
ZTF19aavjztg,18.307579,35.69618753,0.0027381,0.10444303791139241,SN
ZTF19aavjzwm,17.521376,-57.18004568,0.0530833,0.10444303791139241,SN
ZTF19aavkptg,19.6667,36.23222508,0.0619167,0.10444303791139241,SN
ZTF19aavnuur,19.55144,-50.36612078,0.153762,0.50498423,SN
ZTF19aavqics,17.730783,-66.32002687,0.141214,-0.530765572,SN
ZTF19aavrcew,17.035616,-15.44703705,0.607357,0.035744556,SN
ZTF19aavtcjs,20.339108,-73.31253856,0.396452,0.10444303791139241,SN
ZTF19aawethv,18.015856,42.92182591,0.352092,0.050702357,SN
ZTF19aawfkeg,19.272003,-80.92594132,0.00425,-0.00252421,SN
ZTF19aawgxdn,18.575085,53.31961928,0.242369,-0.230863765,SN
ZTF19aawlkjx,17.80432,57.87625905,0.245923,0.10444303791139241,SN
ZTF19aawsdlq,18.185844,-46.93623049,0.01925,0.10444303791139241,SN
ZTF19aaxkhxw,19.534307,34.38967275,0.16398836298349825,0.10444303791139241,SN
ZTF19aaycrgf,18.107977,-46.22122375,0.113685,0.10444303791139241,SN
ZTF19aaydpiq,18.40015,24.95158352,0.159857,0.162075973,SN
ZTF19aaydtur,18.675613,53.5443732,0.138333,0.00556193,SN
ZTF19aayjhpg,18.71871,-87.80250478,0.013,0.10444303791139241,SN
ZTF19aaykqsk,18.389778,-50.04717882,0.16398836298349825,0.10444303791139241,SN
ZTF19aayrosj,18.761751,-37.03537225,0.196018,0.10444303791139241,SN
ZTF19aaysfbn,17.919485,-34.50225953,0.16398836298349825,0.10444303791139241,SN
ZTF19aazfvhh,19.212877,-54.52945554,0.0835833,0.10444303791139241,SN
ZTF19aazlpel,18.582176,-60.31593533,0.16398836298349825,0.10444303791139241,SN
ZTF19aazpvdy,18.047634,55.97733188,0.0263929,0.306874818,SN
ZTF19aazudta,18.890856,61.07612964,0.313845,0.134860994,SN
ZTF19aazwnwy,19.5834,-20.68364347,0.1105,0.569927941,SN
ZTF19aazyvub,18.112043,-28.2302602,0.0214583,0.10444303791139241,SN
ZTF19abacxod,18.446108,-67.64355109,0.191417,0.10444303791139241,SN
ZTF19abajxet,16.745035,10.91405617,0.16398836298349825,0.10444303791139241,SN
ZTF19abanayw,19.69961,-37.28378864,0.0145833,0.10444303791139241,SN
ZTF19abatvzs,19.22152,33.92486524,0.0471667,0.10444303791139241,SN
ZTF19abbnamr,17.050442,41.82858076,0.519708,0.10444303791139241,SN
ZTF19abbthwy,19.838642,-69.21342018,0.241524,0.10444303791139241,SN
ZTF19abbwfgp,17.23122,-27.87083806,0.16398836298349825,0.10444303791139241,SN
ZTF19abbxykm,19.8908,-85.8019304,0.16398836298349825,0.10444303791139241,SN
ZTF19abbywep,19.591814,-45.91646126,0.16398836298349825,0.10444303791139241,SN
ZTF19abcejlb,17.397259,-34.65827661,0.00666667,0.10444303791139241,SN
ZTF19abcejrr,17.764946,30.1679604,0.03825,0.10444303791139241,SN
ZTF19abcejsg,19.21787,28.75727496,0.0407917,0.10444303791139241,SN
ZTF19abcekty,15.868547,26.28585977,0.0979226,0.10444303791139241,SN
ZTF19abcneik,19.374987,-31.57765137,0.16398836298349825,0.10444303791139241,SN
ZTF19abctxhf,20.5326,34.80884424,0.286625,0.10444303791139241,SN
ZTF19abddsvk,18.684189,-73.22160547,0.16398836298349825,0.10444303791139241,SN
ZTF19abdkgwo,18.945837,-40.62513045,0.0142917,0.10444303791139241,SN
ZTF19abegizf,20.3847,-27.00286323,0.16398836298349825,0.10444303791139241,SN
ZTF19abegzry,18.147861,22.50371902,0.196064994,0.10444303791139241,SN
ZTF19abfloxk,19.685152,30.03725434,0.0205833,0.10444303791139241,SN
ZTF19abfwdqv,17.067064,-51.74013576,0.0540417,0.10444303791139241,SN
ZTF19abgbdcp,17.677647,-25.33433247,0.00645833,0.10444303791139241,SN
ZTF19abgfuhh,19.592188,-13.23962467,0.16398836298349825,0.10444303791139241,SN
ZTF19abgiwkt,18.874748,-31.57468168,0.0528333,0.10444303791139241,SN
ZTF19abgmkef,18.934298,39.45556088,0.0,0.10444303791139241,SN
ZTF19abgncfz,18.813154,-37.87287194,0.0,0.10444303791139241,SN
ZTF19abgpgyp,19.280054,19.61856277,0.30103,0.10444303791139241,SN
ZTF19abgrchq,19.112326,-30.62830635,0.0409167,0.10444303791139241,SN
ZTF19abgrmfu,19.9619,10.53624673,0.00125,0.10444303791139241,SN
ZTF19abguqsi,19.397825,-37.37503488,0.16398836298349825,0.10444303791139241,SN
ZTF19abhduuo,19.2009,-56.14749233,0.16398836298349825,0.10444303791139241,SN
ZTF19abiahko,19.116062,-29.62647744,0.121021,0.10444303791139241,SN
ZTF19abidbqp,18.707268,40.16984995,0.745174,0.10444303791139241,SN
ZTF19abiietd,16.42396,32.66249655,0.158607,0.10444303791139241,SN
ZTF19abiqfxi,18.909937,21.36751334,0.00333333,0.10444303791139241,SN
ZTF19abiszzn,18.06497,-24.55736013,0.16398836298349825,0.10444303791139241,SN
ZTF19abjbtbm,19.105549,-30.31507299,0.16398836298349825,0.10444303791139241,SN
ZTF19abjgdhb,19.609385,33.80787929,0.355152,0.10444303791139241,SN
ZTF19abjioie,19.720474,38.54006123,0.0622143,0.10444303791139241,SN
ZTF19abjpntj,19.515202,-31.52173468,0.310095,0.10444303791139241,SN
ZTF19abjrjdw,18.11071,46.32034932,0.148208,0.10444303791139241,SN
ZTF19abjsmmv,19.709549,55.79570783,0.16398836298349825,0.10444303791139241,SN
ZTF19abkfmjp,19.041506,16.98887317,0.000833333,0.10444303791139241,SN
ZTF19abkfqqp,16.890415,40.98320004,0.28919,0.10444303791139241,SN
ZTF19abkfxfb,18.215303,-61.88168541,0.00125,0.10444303791139241,SN
ZTF19abkgjmj,18.307081,28.87662844,0.0804375,0.10444303791139241,SN
ZTF19ablfdwt,20.9271,-66.39984898,0.05025,0.10444303791139241,SN
ZTF19abmtpvz,19.7038,37.01473388,0.0825417,0.10444303791139241,SN
ZTF19abormur,19.3095,63.21010828,0.16398836298349825,0.10444303791139241,SN
ZTF19abovstj,18.279325,68.32662199,0.00833333,0.10444303791139241,SN
ZTF19abpnrrf,19.019653,26.24263421,0.156845,0.10444303791139241,SN
ZTF19abpvbzf,18.61642,41.17329505,0.16398836298349825,0.10444303791139241,SN
ZTF19abpxiff,19.7863,-34.22762311,0.16398836298349825,0.10444303791139241,SN
ZTF19abpyqog,19.018682,-32.71954776,0.966792,0.10444303791139241,SN
ZTF19abqgtqo,19.785,-18.86598069,0.177375,0.10444303791139241,SN
ZTF19abqhobb,17.931717,-13.30213809,0.503982,0.10444303791139241,SN
ZTF19abqmsnk,20.3401,-40.73927237,0.16398836298349825,0.10444303791139241,SN
ZTF19abqmurd,19.729992,54.1524888,0.16398836298349825,0.10444303791139241,SN
ZTF19abqrhvt,17.013922,62.17678783,0.16398836298349825,0.10444303791139241,SN
ZTF19abqrhvy,18.07125,63.61086547,0.47825,0.10444303791139241,SN
ZTF19abqrxhy,18.617666,61.10506824,0.16398836298349825,0.10444303791139241,SN
ZTF19abqwsuf,18.940065,37.36101584,0.16398836298349825,0.10444303791139241,SN
ZTF19abqykei,19.524319,-62.39591577,0.16398836298349825,0.10444303791139241,SN
ZTF19abqyouo,19.808912,-23.78525905,0.001875,0.10444303791139241,SN
ZTF19abqyoxj,18.624739,-33.47760476,0.01,0.10444303791139241,SN
ZTF19abqyoxt,18.481047,73.65924991,0.00125,0.10444303791139241,SN
ZTF19abrbmvt,18.936111,-43.11731064,0.16398836298349825,0.10444303791139241,SN
ZTF19abrlvij,19.57442,-47.09221576,0.00166667,0.10444303791139241,SN
ZTF19abrtjsf,18.424967,-81.6755492,0.110208,0.10444303791139241,SN
ZTF19abtslqm,17.946404,-32.8318793,0.179667,0.10444303791139241,SN
ZTF19abtuflm,18.290937,7.696782768,0.16398836298349825,0.10444303791139241,SN
ZTF19abudjie,19.365906,-66.7812467,0.16398836298349825,0.10444303791139241,SN
ZTF19abudlps,18.65706,62.30620123,0.16398836298349825,0.10444303791139241,SN
ZTF19abueupg,19.588678,-30.73003896,0.16398836298349825,0.10444303791139241,SN
ZTF19abukakm,18.902826,-68.47719964,0.16398836298349825,0.10444303791139241,SN
ZTF19abuzinv,19.380404,40.93606339,0.16398836298349825,0.10444303791139241,SN
ZTF19abvbrve,18.818323,83.21952166,0.061375,0.10444303791139241,SN
ZTF19abvdbyx,19.302078,83.49557497,0.0961667,0.10444303791139241,SN
ZTF19abwamby,18.462242,-13.14776699,1.0,0.10444303791139241,SN
ZTF19abwsagv,18.441078,57.63863793,0.16398836298349825,0.10444303791139241,SN
ZTF19abwztsb,17.018967,39.79431362,0.989208,0.10444303791139241,SN
ZTF19abxekxi,19.649904,88.04891588,0.00420833,0.10444303791139241,SN
ZTF19abxequc,19.333538,-46.22448119,0.99,0.10444303791139241,SN
ZTF19abxjrge,19.339739,38.26139679,0.16398836298349825,0.10444303791139241,SN
ZTF19abxnycf,18.38174,-31.19740659,0.0681964,0.10444303791139241,SN
ZTF19abxqppy,19.402632,-21.02394414,0.16398836298349825,0.10444303791139241,SN
ZTF19abxtcio,19.10842,67.58998044,0.000833333,0.10444303791139241,SN
ZTF19abxvtmn,19.138418,46.35825875,0.16398836298349825,0.10444303791139241,SN
ZTF19abymukc,19.243553,70.22190161,0.16398836298349825,0.10444303791139241,SN
ZTF19abyuzch,18.049591,7.840615333,0.045125,0.10444303791139241,SN
ZTF19abzgdfu,19.38102,38.15873308,0.157196,0.10444303791139241,SN
ZTF19abzmoov,19.5503,39.24807817,0.16398836298349825,0.10444303791139241,SN
ZTF19abzqwpr,18.847288,42.19563913,0.0755,0.10444303791139241,SN
ZTF19abzrdup,20.7724,-16.28406995,0.0,0.10444303791139241,SN
ZTF19abzzuyl,19.4019,-55.88192289,0.154315,0.10444303791139241,SN
ZTF19acanzwg,20.5406,20.06934344,0.926283,0.10444303791139241,SN
ZTF19acaqqke,19.7908,56.43418366,0.0,0.10444303791139241,SN
ZTF19acaqqxo,18.714966,61.69041567,0.16398836298349825,0.10444303791139241,SN
ZTF19acbhvgi,18.610184,56.91706148,0.00166667,0.10444303791139241,SN
ZTF19acbihxh,19.35978,58.87013959,0.16398836298349825,0.10444303791139241,SN
ZTF19acblhxc,17.534328,-41.57595393,0.17931,0.10444303791139241,SN
ZTF19acbmxky,18.327677,53.09776442,0.0430833,0.10444303791139241,SN
ZTF19acbrzzr,18.611473,39.02123556,0.00270833,0.10444303791139241,SN
ZTF19acbvisk,18.563969,45.11571791,0.212304,0.10444303791139241,SN
ZTF19acbvrfx,19.956,-50.40296956,0.16398836298349825,0.10444303791139241,SN
ZTF19acbwccr,20.080078,-70.95453641,0.16398836298349825,0.10444303791139241,SN
ZTF19acbwejj,18.078428,-15.61500341,0.189554,0.10444303791139241,SN
ZTF19acbwilc,18.665363,70.6678,0.0179583,0.10444303791139241,SN
ZTF19acbwmqd,18.579084,-66.70447424,0.0314345,0.10444303791139241,SN
ZTF19acbwouf,18.948788,-33.53631094,0.994125,0.10444303791139241,SN
ZTF19accbeju,19.319782,-42.12671515,0.16398836298349825,0.10444303791139241,SN
ZTF19acccyxx,19.032513,62.63829237,0.16398836298349825,0.10444303791139241,SN
ZTF19acchaza,18.646467,77.96390135,0.000833333,0.10444303791139241,SN
ZTF19accjfgv,17.959942,33.25408642,0.16398836298349825,0.10444303791139241,SN
ZTF19acctlps,18.714632,-52.57022484,0.16398836298349825,0.10444303791139241,SN
ZTF19acctwpz,18.392565,60.38451163,0.16398836298349825,0.10444303791139241,SN
ZTF19acdkzxk,20.0892,31.63637737,0.140524,0.10444303791139241,SN
ZTF19acduloz,18.754436,-34.43092969,0.16398836298349825,0.10444303791139241,SN
ZTF19acdxkek,18.831524,-33.04932082,0.16398836298349825,0.10444303791139241,SN
ZTF19aceckdq,18.420694,47.40466437,0.0554464,0.10444303791139241,SN
ZTF19aceckht,18.808031,62.02389262,0.16398836298349825,0.10444303791139241,SN
ZTF19aceckmm,18.176983,-43.29338479,0.187696,0.10444303791139241,SN
ZTF19acecluy,18.750072,-15.74428953,0.16398836298349825,0.10444303791139241,SN
ZTF19aceshib,18.990194,49.66382819,0.16398836298349825,0.10444303791139241,SN
ZTF19acewuwn,19.044415,43.8072663,0.049256,0.10444303791139241,SN
ZTF19acfejbj,18.699121,54.7846337,0.510911,0.10444303791139241,SN
ZTF19acfsbpa,18.899368,-29.4233043,0.16398836298349825,0.10444303791139241,SN
ZTF19acftfav,17.854294,30.74462706,0.641393,0.10444303791139241,SN
ZTF19acgbkzr,18.770597,37.50287092,0.074875,0.10444303791139241,SN
ZTF19acgfvvi,18.454939,58.90050822,0.0,0.10444303791139241,SN
ZTF19acgzwbm,18.864113,-66.0102389,0.178774,0.10444303791139241,SN
ZTF19acgzzea,19.28646,17.652593223095106,0.0185,0.10444303791139241,SN
ZTF19achjqbk,18.900862,17.652593223095106,0.16398836298349825,0.10444303791139241,SN
ZTF19achtifr,18.1267,17.652593223095106,0.151125,0.10444303791139241,SN
ZTF19acignlo,19.340656,17.652593223095106,0.16398836298349825,0.10444303791139241,SN
ZTF19acjtpmm,18.675844,17.652593223095106,0.16398836298349825,0.10444303791139241,SN
ZTF19acjwdnu,18.32111,17.652593223095106,0.0659583,0.10444303791139241,SN
ZTF19ackjene,18.020384,17.652593223095106,0.067625,0.10444303791139241,SN
ZTF19ackjtfm,18.231115,17.652593223095106,0.16398836298349825,0.10444303791139241,SN
ZTF19ackjvtl,19.278,17.652593223095106,0.151107,0.10444303791139241,SN
ZTF19aclobbu,18.0753,17.652593223095106,0.00666667,0.10444303791139241,SN
ZTF19acmwfli,18.5518,17.652593223095106,0.0504167,0.10444303791139241,SN
ZTF19acmwszk,19.27455,17.652593223095106,0.0115,0.10444303791139241,SN
ZTF19acmyacs,19.45887,17.652593223095106,0.16398836298349825,0.10444303791139241,SN
ZTF19acrcxri,18.431505,17.652593223095106,0.0403333,0.10444303791139241,SN
ZTF19acrwvao,18.588148,17.652593223095106,0.16398836298349825,0.10444303791139241,SN
ZTF19acryurj,18.159914,17.652593223095106,0.184232,0.10444303791139241,SN
ZTF19acsbxem,18.586363,17.652593223095106,0.16398836298349825,0.10444303791139241,SN
ZTF19acszmgx,18.80436,17.652593223095106,0.16398836298349825,0.10444303791139241,SN
ZTF19actfxcd,19.3858,17.652593223095106,0.00125,0.10444303791139241,SN
ZTF19actnwtn,19.099539,17.652593223095106,0.16398836298349825,0.10444303791139241,SN
ZTF19actnyae,19.07948,17.652593223095106,0.0652708,0.10444303791139241,SN
ZTF19acvmcdd,17.790745,17.652593223095106,0.0,0.10444303791139241,SN
ZTF19acvrjzd,17.944843,17.652593223095106,0.00985714,0.10444303791139241,SN
ZTF19acvtrxj,18.6439,17.652593223095106,0.16398836298349825,0.10444303791139241,SN
ZTF19acwbhih,17.960445,17.652593223095106,0.440935,0.10444303791139241,SN
ZTF19acwrrvg,16.924444,17.652593223095106,0.0369167,0.10444303791139241,SN
ZTF19acxgwvo,17.825731,17.652593223095106,0.016875,0.10444303791139241,SN
ZTF19acxmfay,17.57732,17.652593223095106,0.16398836298349825,0.10444303791139241,SN
ZTF19acxmnlb,17.94115,17.652593223095106,0.16398836298349825,0.10444303791139241,SN
ZTF19acxowrr,18.798088,17.652593223095106,0.175423,0.10444303791139241,SN
ZTF19acxxwrs,17.168215,17.652593223095106,0.138012,0.10444303791139241,SN
ZTF19acxxwvi,17.921741,17.652593223095106,0.213268,0.10444303791139241,SN
ZTF19acyjjni,19.544113,17.652593223095106,0.144274,0.10444303791139241,SN
ZTF19acyobbu,19.046314,17.652593223095106,0.16398836298349825,0.10444303791139241,SN
ZTF19acyplkt,17.542683,17.652593223095106,0.16398836298349825,0.10444303791139241,SN
ZTF19acytcsg,18.221895,17.652593223095106,0.16398836298349825,0.10444303791139241,SN
ZTF19aczjytt,18.8419,17.652593223095106,0.189565,0.10444303791139241,SN
ZTF19aczkjxn,20.0037,17.652593223095106,0.042,0.10444303791139241,SN
ZTF19aczkkco,18.259602,17.652593223095106,0.16398836298349825,0.10444303791139241,SN
ZTF19aczlldp,18.198004,17.652593223095106,0.0,0.10444303791139241,SN
ZTF19aczmnqy,18.786251,17.652593223095106,0.16398836298349825,0.10444303791139241,SN
ZTF19adakmbh,19.827906,17.652593223095106,0.16398836298349825,0.10444303791139241,SN
ZTF19adavzew,18.636,17.652593223095106,0.0547143,0.10444303791139241,SN
ZTF19adaxzax,16.52902,17.652593223095106,0.16398836298349825,0.10444303791139241,SN
ZTF19adbryab,19.383501,17.652593223095106,0.154548,0.10444303791139241,SN
ZTF19adbsblp,19.322893,17.652593223095106,0.0206667,0.10444303791139241,SN
ZTF19adccrca,20.1461,17.652593223095106,0.005125,0.10444303791139241,SN
ZTF19adcfsoc,19.051447,17.652593223095106,0.00333333,0.10444303791139241,SN
ZTF20aaazjwc,17.8485,17.652593223095106,1.0,0.10444303791139241,SN
ZTF20aabconi,18.888735,17.652593223095106,0.00166667,0.10444303791139241,SN
ZTF20aabqiav,18.047604,17.652593223095106,0.16398836298349825,0.10444303791139241,SN
ZTF20aabqwtz,18.7156,17.652593223095106,0.0760357,0.10444303791139241,SN
ZTF20aacbyij,18.9965,17.652593223095106,0.16398836298349825,0.10444303791139241,SN
ZTF20aacbyoh,18.0286,17.652593223095106,0.16398836298349825,0.10444303791139241,SN
ZTF20aacewxb,18.823261,17.652593223095106,0.535542,0.10444303791139241,SN
ZTF20aacgrql,18.9567,17.652593223095106,0.192006,0.10444303791139241,SN
ZTF20aadcbvz,19.612762,17.652593223095106,0.16398836298349825,0.10444303791139241,SN
ZTF20aadchdd,18.485268,17.652593223095106,0.00125,0.10444303791139241,SN
ZTF20aaeabyu,19.0714,17.652593223095106,0.16398836298349825,0.10444303791139241,SN
ZTF20aaeoqqd,18.67298,17.652593223095106,0.11278,0.10444303791139241,SN
ZTF20aaetrle,19.6329,17.652593223095106,0.610125,0.10444303791139241,SN
ZTF20aafckit,18.060219,17.652593223095106,0.0571131,0.10444303791139241,SN
ZTF20aafclqz,18.056684,17.652593223095106,0.006875,0.10444303791139241,SN
ZTF20aafclxb,17.089836,17.652593223095106,0.26072,0.10444303791139241,SN
ZTF20aagjpmt,17.800442,17.652593223095106,0.16398836298349825,0.10444303791139241,SN
ZTF20aagnbes,18.27524,17.652593223095106,0.16398836298349825,0.10444303791139241,SN
ZTF20aahbamv,18.67529,17.652593223095106,0.00341667,0.10444303791139241,SN
ZTF20aahgejq,20.045918,17.652593223095106,0.00333333,0.10444303791139241,SN
ZTF20aahirfz,17.982706,17.652593223095106,0.672176,0.10444303791139241,SN
